{
    "SLBSL": 0.37042559376930984,
    "LEMF": 3.8402476059156463,
    "GWFD83": 9.503304386177513,
    "SLCF": 27.962092635321717,
    "SRD80": 35.012037727852565,
    "MKJC": 52.87837450850484,
    "SCB": 54.14251897459742,
    "PRVU": 57.69492225024534,
    "NIFRA": 57.927346924977655,
    "RADHI": 59.602120961106166,
    "CZBIL": 60.48590848271361,
    "SHL": 60.48828734727603,
    "MNBBL": 63.070365571688455,
    "CHDC": 63.34556792598462,
    "RURU": 64.44995595631181,
    "SKBBL": 64.4626715326572,
    "NCCB": 64.85992057582592,
    "SRBL": 65.6929464352909,
    "NABIL": 65.73647399052564,
    "TRH": 66.69730107141893,
    "SBI": 68.02417603872473,
    "LBL": 68.3429469552802,
    "SINDU": 68.74817680619094,
    "SHINE": 69.7238260315293,
    "BPCL": 69.97069728718363,
    "WNLB": 70.05570288527288,
    "NLIC": 70.08192691240363,
    "BBC": 70.79473439234144,
    "SMB": 70.94581018775527,
    "OHL": 71.15903736785475,
    "MLBL": 71.38696661726581,
    "ACLBSL": 71.54317215683224,
    "NICBF": 71.90987580039395,
    "NLG": 71.99511759091229,
    "FMDBL": 72.17529431697274,
    "RMDC": 72.36622200487045,
    "ADBL": 72.5346988160806,
    "GMFIL": 72.59729016894792,
    "CGH": 72.88423596794203,
    "SIFC": 73.49562224532477,
    "NLICL": 74.27547172368038,
    "AKJCL": 74.63773854095098,
    "MLBS": 74.85037112627671,
    "SICL": 75.72362492891442,
    "NICLBSL": 75.91397266907482,
    "MSLB": 76.32859142739609,
    "LBBL": 76.44165477753323,
    "GFCL": 76.50226440112675,
    "NICL": 76.60239094631535,
    "UIC": 76.81925868702798,
    "GBBL": 76.82592569151551,
    "NRIC": 76.87693655137831,
    "PROFL": 77.00657060264524,
    "ICFC": 77.26511209953964,
    "MHNL": 77.60158925654824,
    "HBL": 78.15657618195658,
    "GIMES1": 78.80314783675496,
    "HDL": 79.07117280327525,
    "NICGF": 79.28037194630458,
    "IGI": 79.61847755598144,
    "MKLB": 79.72780879283863,
    "LICN": 80.2890890605699,
    "STC": 80.40438092714562,
    "SHPC": 80.96776924794418,
    "EBL": 81.34333214925974,
    "SMATA": 81.53019620073844,
    "PICL": 81.77000919628635,
    "MEN": 81.84129157990691,
    "GLBSL": 83.1144178331156,
    "KLBSL": 85.20569094090283,
    "SIGS2": 85.24176695973397,
    "BNT": 85.99919681102621,
    "PPCL": 86.2632160079165,
    "NHDL": 86.5581069002263,
    "SLBBL": 89.08036212821564
}