{
    "NMBHF1": 98.36743992176945,
    "NABBC": 93.13799655443964,
    "KPCL": 89.1921171528135,
    "CLBSL": 89.09533397008863,
    "SAHAS": 88.81918796032517,
    "HURJA": 86.4999474123764,
    "NYADI": 84.70964655804923,
    "UPCL": 83.14276401806562,
    "JOSHI": 81.95584495491775,
    "RBCL": 81.87951354850617,
    "SJCL": 80.36468879268064,
    "UMHL": 80.12330718888477,
    "RBCLPO": 79.57636889341578,
    "UNHPL": 79.24383226701812,
    "GHL": 79.01376001523977,
    "SFCL": 77.96599948451907,
    "API": 77.74370860079942,
    "DHPL": 76.73738168033083,
    "TPC": 76.55191989968905,
    "VLBS": 76.1063989591873,
    "SAEF": 75.02477179235326,
    "NRN": 74.49019901459071,
    "ALICL": 74.3027723436347,
    "PMHPL": 73.89671091041794,
    "USLB": 71.89084146895866,
    "MPFL": 71.73703476535131,
    "SAPDBL": 71.14675916838209,
    "GLH": 71.08851664997987,
    "UPPER": 70.68342733579077,
    "ILBS": 69.84600097865658,
    "SHIVM": 69.21503932674217,
    "SDLBSL": 68.6491923931608,
    "NEF": 68.51677458297232,
    "SPDL": 68.44232832072285,
    "MLBBL": 67.58312850835541,
    "GUFL": 67.50814657391837,
    "SPC": 67.47901482358984,
    "GILB": 66.63445561771672,
    "NBF2": 66.37780862400712,
    "NTC": 66.29508896461115,
    "SSHL": 65.70076967613252,
    "CIT": 63.895811523457006,
    "KMCDB": 62.6030226875238,
    "MMFDB": 62.39803003425991,
    "KSBBL": 62.09144450620469,
    "GBD80/81": 61.03121142349062,
    "MBL": 59.30578267778543,
    "AKPL": 54.22099893142089,
    "GMFBS": 53.90782667765816,
    "NIBLPF": 53.25738579354354,
    "PSF": 42.14436765106411,
    "RMF1": 40.38277404059549,
    "ALBSL": 39.1353424942655,
    "NBF3": 38.786139595526784,
    "NGPL": 19.552727135851722,
    "MFLD85": 16.4758841782752
}